<assembly xmlns="http://maven.apache.org/plugins/maven-assembly-plugin/assembly/1.1.0" xmlns:xsi="http://www.w3.org/2001/XMLSchema-instance"
    xsi:schemaLocation="http://maven.apache.org/plugins/maven-assembly-plugin/assembly/1.1.0 http://maven.apache.org/xsd/assembly-1.1.0.xsd">
  <id>src</id>
  <formats>
    <format>zip</format>
  </formats>
  <baseDirectory>javacv</baseDirectory>
  <fileSets>
    <fileSet>
      <directory>${project.basedir}/..</directory>
      <outputDirectory>/</outputDirectory>
      <useDefaultExcludes>true</useDefaultExcludes>
      <excludes>
        <!-- TODO: use expresssions instead: ${project.build.sourceDirectory}, etc -->
        <exclude>**/target/**</exclude>
        <exclude>**/cppbuild/**</exclude>
      </excludes>
    </fileSet>
  </fileSets>
</assembly>

